{"assigned": {"Word-Intrusion-SENATE-intro.html": 0, "Word-Intrusion-SENATE-instruction.html": 0, "Word-Intrusion-SENATE-consent.html": 0, "Word-Intrusion-SENATE-end.html": 0, "17": ["ad@uvic.ca"], "30": ["ad@uvic.ca"], "38": ["ad@uvic.ca"], "48": ["ad@uvic.ca"], "12": ["ad@uvic.ca"], "49": ["ad@uvic.ca"], "15": ["ad@uvic.ca"], "7": ["ad@uvic.ca"], "9": ["ad@uvic.ca"], "16": ["ad@uvic.ca"]}, "unassigned": {"38": 9, "7": 9, "48": 9, "49": 9, "12": 9, "15": 9, "17": 9, "16": 9, "9": 9, "30": 9}, "testing": {"test_question_per_annotator": 0, "ids": []}, "prestudy_ids": [], "prestudy_passed_users": [], "prestudy_failed_users": [], "pre_annotation_pages": ["Word-Intrusion-SENATE-intro.html", "Word-Intrusion-SENATE-instruction.html", "Word-Intrusion-SENATE-consent.html"], "post_annotation_pages": ["Word-Intrusion-SENATE-end.html"]}